{"count": 6, "results": [{"id": 1, "name": "Connection established", "description": "Start a reverse shell and bootstrap a meterpreter session on the victim.\r\n\r\n\r\nFind the first flag in a folder that coud contains **flags**.\r\n", "max_attempts": 0, "value": 100, "category": "Metasploit", "type": "standard", "hidden": false}, {"id": 2, "name": "Bob is dumb", "description": "Find the flag in the password-protected zip.", "max_attempts": 0, "value": 250, "category": "Metasploit", "type": "standard", "hidden": false}, {"id": 3, "name": "GOTO", "description": "Follow the instructions.", "max_attempts": 0, "value": 450, "category": "Metasploit", "type": "standard", "hidden": false}, {"id": 4, "name": "3ncrypt3d", "description": "Crack the encrypted flag.", "max_attempts": 0, "value": 250, "category": "Metasploit", "type": "standard", "hidden": false}, {"id": 5, "name": "Now you see me", "description": "Crack the password-protected flag. Sometimes the solution is right in front of our eyes.", "max_attempts": 0, "value": 750, "category": "Metasploit", "type": "standard", "hidden": false}, {"id": 6, "name": "Voyeur", "description": "Use your specials skills to crack the final zip.", "max_attempts": 0, "value": 750, "category": "Metasploit", "type": "standard", "hidden": false}], "meta": {}}