{"count": 6, "results": [{"id": 1, "chal": 1, "type": "static", "flag": "ed2b52132cf880b047fa7c518590c118", "data": null}, {"id": 2, "chal": 2, "type": "static", "flag": "8fca452056656ad7f257c535146a87e6", "data": null}, {"id": 3, "chal": 3, "type": "static", "flag": "30f813c5b9f6726022542c2260ef786b", "data": null}, {"id": 4, "chal": 4, "type": "static", "flag": "hackerman", "data": null}, {"id": 5, "chal": 5, "type": "static", "flag": "7510d498f23f5815d3376ea7bad64e29", "data": null}, {"id": 6, "chal": 6, "type": "static", "flag": "af6139685fce76694a992d966ae01fe7", "data": null}], "meta": {}}