{"results":[{"id":1,"chal":1,"key_type":"static","type":"static","flag":"2614339936e8282e2f820f023d4d998a1f95e02a","data":null},{"id":2,"chal":2,"key_type":"static","type":"static","flag":"9c297196ecf8890bc1e900fcf3aebae8c9f9880a","data":null},{"id":3,"chal":3,"key_type":"static","type":"static","flag":"690fa3247a99d651e0b26f947baf0b79b4f404a9","data":null},{"id":4,"chal":4,"key_type":"static","type":"static","flag":"de0806c1e34a5783b4b1672fa4eed440a9912378","data":null},{"id":5,"chal":5,"key_type":"static","type":"static","flag":"5ff5052e879e6fef64124e64c82c84ebc809c6c4","data":null},{"id":6,"chal":6,"key_type":"static","type":"static","flag":"0ed034597829f84a8a7cc5aff0b1d1afc316418c","data":null},{"id":7,"chal":7,"key_type":"static","type":"static","flag":"d39f6a368e8f5e1b9b031c1fa7c3ee37355e8574","data":null},{"id":8,"chal":8,"key_type":"static","type":"static","flag":"bd15d151880a30c4885fca30a3eb8e133c491c46","data":null},{"id":9,"chal":9,"key_type":"static","type":"static","flag":"b3a4e6f5bc57590bef2443d0c25f6c40223c5c98","data":null},{"id":10,"chal":10,"key_type":"static","type":"static","flag":"b2bbb412cd027095df70fa3ca8d61ad0e101406e","data":null},{"id":11,"chal":11,"key_type":"static","type":"static","flag":"ff4aebffe31b0ffdea9bdd0207a16a3c01ac6c56","data":null},{"id":12,"chal":12,"key_type":"static","type":"static","flag":"78231b75c0b2180b7e964dcbb1ab3c3f58639f2e","data":null},{"id":13,"chal":13,"key_type":"static","type":"static","flag":"b3245d86c5b5a6e10a1319aebced515c1763b754","data":null},{"id":14,"chal":14,"key_type":"static","type":"static","flag":"1ef138e2c124611360a5875bb0ef021c59ec5869","data":null},{"id":15,"chal":15,"key_type":"static","type":"static","flag":"17781992a4b425e919b2b02f934e288c4117b812","data":null},{"id":16,"chal":16,"key_type":"static","type":"static","flag":"d80917f631beb5cf8abcc625cb00676cf84c8573","data":null},{"id":17,"chal":17,"key_type":"static","type":"static","flag":"bccfc69b31482f1eaa399e6ded3cce938b9fc219","data":null},{"id":18,"chal":18,"key_type":"static","type":"static","flag":"8d2072c6b0a455608ca1a293dc0c9579883fc6a5","data":null},{"id":19,"chal":19,"key_type":"static","type":"static","flag":"dad737329153068527159005db4eb139e86e76ba","data":null},{"id":20,"chal":20,"key_type":"static","type":"static","flag":"9854fa972c745fa0e8a55f0687528b1f483856b1","data":null},{"id":21,"chal":21,"key_type":"static","type":"static","flag":"71aeb3b0bf01cc6e488f0207bb62f79b41454a87","data":null},{"id":22,"chal":22,"key_type":"static","type":"static","flag":"7f2af07e0e0ac2c54e8ae0665b4aa68762ba63af","data":null},{"id":23,"chal":23,"key_type":"static","type":"static","flag":"7513f97578391e85282583fd084bc3a649f1d25f","data":null},{"id":24,"chal":24,"key_type":"static","type":"static","flag":"d6c3b1f0724fd3dbf4272c127a790c39a200876b","data":null},{"id":25,"chal":25,"key_type":"static","type":"static","flag":"84054d82b9a99da2db6392744dad1e7e28bd2cca","data":null},{"id":26,"chal":26,"key_type":"static","type":"static","flag":"e6413d78562d20e2c4584f717e6c4d3b14f6a5ae","data":null},{"id":27,"chal":27,"key_type":"static","type":"static","flag":"aad7acc02c5b4fd25226374ce3c114f97b19e8ee","data":null},{"id":28,"chal":28,"key_type":"static","type":"static","flag":"10e04eb4104bd61f5fafc77c844d4d70b3f33f08","data":null},{"id":29,"chal":29,"key_type":"static","type":"static","flag":"10c83b144f418a1e7d0d4f3f56d020ba7bc0874a","data":null},{"id":30,"chal":30,"key_type":"static","type":"static","flag":"929646db81fdde9492b64f2d3c5fa0a3da182ad7","data":null},{"id":31,"chal":31,"key_type":"static","type":"static","flag":"e3b59553d1be5291f45a76abe8291e3b666272d7","data":null},{"id":32,"chal":32,"key_type":"static","type":"static","flag":"3ca7d41d1c903c5ae68c2f713c9f875db870aca0","data":null},{"id":33,"chal":33,"key_type":"static","type":"static","flag":"9bb1be0fc245910b356fdac4e78e315d58d810af","data":null},{"id":34,"chal":34,"key_type":"static","type":"static","flag":"e958569c4a12e3b97f38bd05cac3f0e5a1b17142","data":null},{"id":35,"chal":35,"key_type":"static","type":"static","flag":"3eb1eb054dc55a13772007ac980ca5bf310ee773","data":null},{"id":36,"chal":36,"key_type":"static","type":"static","flag":"5fb1dbd45670d209e1c48ed59222c2bca732d354","data":null},{"id":37,"chal":37,"key_type":"static","type":"static","flag":"a5977b3a2145da2ad667c167f9177afd4a8afddb","data":null},{"id":38,"chal":38,"key_type":"static","type":"static","flag":"86c8986dff834112ed790d7d53dadb46e9dca210","data":null},{"id":39,"chal":39,"key_type":"static","type":"static","flag":"41db0b8dbceb01d9737fceb888a1f24ddd8f1dff","data":null},{"id":40,"chal":40,"key_type":"static","type":"static","flag":"3c3e2d6ef99b733b947e92f8e2a9ed08bf57ea63","data":null},{"id":41,"chal":41,"key_type":"static","type":"static","flag":"a3ed0a02985a524747be405af69600b167ecae9a","data":null},{"id":42,"chal":42,"key_type":"static","type":"static","flag":"dbaa733d61cf894a36235f884227b3a0b6150233","data":null},{"id":43,"chal":43,"key_type":"static","type":"static","flag":"3ed5adac1a0eef3e4e7f80b4f4f48032f560f8ff","data":null},{"id":44,"chal":44,"key_type":"static","type":"static","flag":"a3e13451e7b1f2a2642fd503e1996924d4f8f9b2","data":null},{"id":45,"chal":45,"key_type":"static","type":"static","flag":"5ec16347194b662a773887b63845315e8a3c7237","data":null},{"id":46,"chal":46,"key_type":"static","type":"static","flag":"ebd3760caffb21387e2a76c2848c46d09fe1d789","data":null},{"id":47,"chal":47,"key_type":"static","type":"static","flag":"e85ae65ff340f0c321f3bfebdde0fdc090cf8d63","data":null},{"id":48,"chal":48,"key_type":"static","type":"static","flag":"effe8d0ea5b63c9cce136e7a7c036f92b8462b57","data":null},{"id":49,"chal":49,"key_type":"static","type":"static","flag":"4deafde66be6408160e98d67dd332fcd41587d3f","data":null},{"id":50,"chal":50,"key_type":"static","type":"static","flag":"b9263160f81d18dc69161db7ffb8a2d622bf1755","data":null},{"id":51,"chal":51,"key_type":"static","type":"static","flag":"5fd213c8fc772846b262c307eaaa901340a195bb","data":null},{"id":52,"chal":52,"key_type":"static","type":"static","flag":"13647ef0eb32713c6e6064f4b3d62abe81425841","data":null},{"id":53,"chal":53,"key_type":"static","type":"static","flag":"3c5c6408e9d589e6829a4ea55891ccb76f155b05","data":null},{"id":54,"chal":54,"key_type":"static","type":"static","flag":"38e329aab0dcf54e00b4ae686b58546b3e2eb55d","data":null},{"id":55,"chal":55,"key_type":"static","type":"static","flag":"54dfb9d1da8fc88a73da571dcabaa61100da873e","data":null}]}