{"results":[{"id":1,"name":"Score Board","description":"Find the carefully hidden 'Score Board' page. (Difficulty Level: 1)","max_attempts":0,"value":100,"category":"Security through Obscurity","type":"standard","hidden":false},{"id":2,"name":"Error Handling","description":"Provoke an error that is not very gracefully handled. (Difficulty Level: 1)","max_attempts":0,"value":100,"category":"Security Misconfiguration","type":"standard","hidden":false},{"id":3,"name":"Login Admin","description":"Log in with the administrator's user account. (Difficulty Level: 2)","max_attempts":0,"value":250,"category":"Injection","type":"standard","hidden":false},{"id":4,"name":"Login Jim","description":"Log in with Jim's user account. (Difficulty Level: 3)","max_attempts":0,"value":450,"category":"Injection","type":"standard","hidden":false},{"id":5,"name":"Login Bender","description":"Log in with Bender's user account. (Difficulty Level: 3)","max_attempts":0,"value":450,"category":"Injection","type":"standard","hidden":false},{"id":6,"name":"XSS Tier 1","description":"Perform a <i>reflected</i> XSS attack with <code>&lt;script&gt;alert(\"XSS\")&lt;/script&gt;</code>. (Difficulty Level: 1)","max_attempts":0,"value":100,"category":"XSS","type":"standard","hidden":false},{"id":7,"name":"XSS Tier 2","description":"Perform a <i>persisted</i> XSS attack with <code>&lt;script&gt;alert(\"XSS\")&lt;/script&gt;</code> bypassing a <i>client-side</i> security mechanism. (Difficulty Level: 3)","max_attempts":0,"value":450,"category":"XSS","type":"standard","hidden":false},{"id":8,"name":"XSS Tier 4","description":"Perform a <i>persisted</i> XSS attack with <code>&lt;script&gt;alert(\"XSS\")&lt;/script&gt;</code> bypassing a <i>server-side</i> security mechanism. (Difficulty Level: 4)","max_attempts":0,"value":700,"category":"XSS","type":"standard","hidden":false},{"id":9,"name":"XSS Tier 3","description":"Perform a <i>persisted</i> XSS attack with <code>&lt;script&gt;alert(\"XSS\")&lt;/script&gt;</code> without using the frontend application at all. (Difficulty Level: 3)","max_attempts":0,"value":450,"category":"XSS","type":"standard","hidden":false},{"id":10,"name":"User Credentials","description":"Retrieve a list of all user credentials via SQL Injection (Difficulty Level: 4)","max_attempts":0,"value":700,"category":"Injection","type":"standard","hidden":false},{"id":11,"name":"Password Strength","description":"Log in with the administrator's user credentials without previously changing them or applying SQL Injection. (Difficulty Level: 2)","max_attempts":0,"value":250,"category":"Broken Authentication","type":"standard","hidden":false},{"id":12,"name":"Five-Star Feedback","description":"Get rid of all 5-star customer feedback. (Difficulty Level: 2)","max_attempts":0,"value":250,"category":"Broken Access Control","type":"standard","hidden":false},{"id":13,"name":"Forged Feedback","description":"Post some feedback in another users name. (Difficulty Level: 3)","max_attempts":0,"value":450,"category":"Broken Access Control","type":"standard","hidden":false},{"id":14,"name":"Redirects Tier 1","description":"Let us redirect you to a donation site that went out of business. (Difficulty Level: 1)","max_attempts":0,"value":100,"category":"Forgotten Content","type":"standard","hidden":false},{"id":15,"name":"Redirects Tier 2","description":"Wherever you go, there you are. (Difficulty Level: 4)","max_attempts":0,"value":700,"category":"Roll your own Security","type":"standard","hidden":false},{"id":16,"name":"Basket Access","description":"Access someone else's basket. (Difficulty Level: 2)","max_attempts":0,"value":250,"category":"Broken Access Control","type":"standard","hidden":false},{"id":17,"name":"Payback Time","description":"Place an order that makes you rich. (Difficulty Level: 3)","max_attempts":0,"value":450,"category":"Improper Input Validation","type":"standard","hidden":false},{"id":18,"name":"Confidential Document","description":"Access a confidential document. (Difficulty Level: 1)","max_attempts":0,"value":100,"category":"Sensitive Data Exposure","type":"standard","hidden":false},{"id":19,"name":"Forgotten Developer Backup","description":"Access a developer's forgotten backup file. (Difficulty Level: 4)","max_attempts":0,"value":700,"category":"Roll your own Security","type":"standard","hidden":false},{"id":20,"name":"Forgotten Sales Backup","description":"Access a salesman's forgotten backup file. (Difficulty Level: 3)","max_attempts":0,"value":450,"category":"Security Misconfiguration","type":"standard","hidden":false},{"id":21,"name":"Admin Section","description":"Access the administration section of the store. (Difficulty Level: 1)","max_attempts":0,"value":100,"category":"Broken Access Control","type":"standard","hidden":false},{"id":22,"name":"CSRF","description":"Change Bender's password into <i>slurmCl4ssic</i> without using SQL Injection. (Difficulty Level: 4)","max_attempts":0,"value":700,"category":"Broken Authentication","type":"standard","hidden":false},{"id":23,"name":"Product Tampering","description":"Change the <code>href</code> of the link within the <a href=\"/#/search?q=OWASP SSL Advanced Forensic Tool (O-Saft)\">OWASP SSL Advanced Forensic Tool (O-Saft)</a> product description into <i>http://kimminich.de</i>. (Difficulty Level: 3)","max_attempts":0,"value":450,"category":"Broken Access Control","type":"standard","hidden":false},{"id":24,"name":"Vulnerable Library","description":"<a href=\"/#/contact\">Inform the shop</a> about a vulnerable library it is using. (Mention the exact library name and version in your comment) (Difficulty Level: 4)","max_attempts":0,"value":700,"category":"Vulnerable Components","type":"standard","hidden":false},{"id":25,"name":"Weird Crypto","description":"<a href=\"/#/contact\">Inform the shop</a> about an algorithm or library it should definitely not use the way it does. (Difficulty Level: 2)","max_attempts":0,"value":250,"category":"Sensitive Data Exposure","type":"standard","hidden":false},{"id":26,"name":"Easter Egg Tier 1","description":"Find the hidden <a href=\"http://en.wikipedia.org/wiki/Easter_egg_(media)\" target=\"_blank\">easter egg</a>. (Difficulty Level: 4)","max_attempts":0,"value":700,"category":"Roll your own Security","type":"standard","hidden":false},{"id":27,"name":"Easter Egg Tier 2","description":"Apply some advanced cryptanalysis to find <i>the real</i> easter egg. (Difficulty Level: 4)","max_attempts":0,"value":700,"category":"Security through Obscurity","type":"standard","hidden":false},{"id":28,"name":"Forged Coupon","description":"Forge a coupon code that gives you a discount of at least 80%. (Difficulty Level: 6)","max_attempts":0,"value":1350,"category":"Sensitive Data Exposure","type":"standard","hidden":false},{"id":29,"name":"Eye Candy","description":"Travel back in time to the golden era of <img src=\"/css/geo-bootstrap/img/hot.gif\"> web design. (Difficulty Level: 4)","max_attempts":0,"value":700,"category":"Forgotten Content","type":"standard","hidden":false},{"id":30,"name":"Christmas Special","description":"Order the Christmas special offer of 2014. (Difficulty Level: 2)","max_attempts":0,"value":250,"category":"Injection","type":"standard","hidden":false},{"id":31,"name":"Upload Size","description":"Upload a file larger than 100 kB. (Difficulty Level: 3)","max_attempts":0,"value":450,"category":"Improper Input Validation","type":"standard","hidden":false},{"id":32,"name":"Upload Type","description":"Upload a file that has no .pdf extension. (Difficulty Level: 3)","max_attempts":0,"value":450,"category":"Improper Input Validation","type":"standard","hidden":false},{"id":33,"name":"Extra Language","description":"Retrieve the language file that never made it into production. (Difficulty Level: 5)","max_attempts":0,"value":1000,"category":"Forgotten Content","type":"standard","hidden":false},{"id":34,"name":"CAPTCHA Bypass","description":"Submit 10 or more customer feedbacks within 10 seconds. (Difficulty Level: 5)","max_attempts":0,"value":1000,"category":"Roll your own Security","type":"standard","hidden":false},{"id":35,"name":"Zero Stars","description":"Give a devastating zero-star feedback to the store. (Difficulty Level: 1)","max_attempts":0,"value":100,"category":"Improper Input Validation","type":"standard","hidden":false},{"id":36,"name":"Imaginary Challenge","description":"Solve challenge #99. Unfortunately, this challenge does not exist. (Difficulty Level: 6)","max_attempts":0,"value":1350,"category":"Sensitive Data Exposure","type":"standard","hidden":false},{"id":37,"name":"Login Bjoern","description":"Log in with Bjoern's user account <i>without</i> previously changing his password, applying SQL Injection, or hacking his Google account. (Difficulty Level: 4)","max_attempts":0,"value":700,"category":"Broken Authentication","type":"standard","hidden":false},{"id":38,"name":"Login CISO","description":"Exploit OAuth 2.0 to log in with the Chief Information Security Officer's user account. (Difficulty Level: 5)","max_attempts":0,"value":1000,"category":"Broken Authentication","type":"standard","hidden":false},{"id":39,"name":"Login Support Team","description":"Log in with the support team's original user credentials without applying SQL Injection or any other bypass. (Difficulty Level: 6)","max_attempts":0,"value":1350,"category":"Security Misconfiguration","type":"standard","hidden":false},{"id":40,"name":"Login MC SafeSearch","description":"Log in with MC SafeSearch's original user credentials without applying SQL Injection or any other bypass. (Difficulty Level: 2)","max_attempts":0,"value":250,"category":"Sensitive Data Exposure","type":"standard","hidden":false},{"id":41,"name":"Premium Paywall","description":"<i class=\"far fa-gem\"></i><i class=\"far fa-gem\"></i><i class=\"far fa-gem\"></i><i class=\"far fa-gem\"></i><i class=\"far fa-gem\"></i><!--IvLuRfBJYlmStf9XfL6ckJFngyd9LfV1JaaN/KRTPQPidTuJ7FR+D/nkWJUF+0xUF07CeCeqYfxq+OJVVa0gNbqgYkUNvn//UbE7e95C+6e+7GtdpqJ8mqm4WcPvUGIUxmGLTTAC2+G9UuFCD1DUjg==--><a href=\"/redirect?to=https://blockchain.info/address/1AbKfgvw9psQ41NbLi8kufDQTezwG8DRZm\" target=\"_blank\" class=\"btn btn-danger btn-xs\"><i class=\"fab fa-btc fa-sm\"></i> Unlock Premium Challenge</a> to access exclusive content. (Difficulty Level: 6)","max_attempts":0,"value":1350,"category":"Sensitive Data Exposure","type":"standard","hidden":false},{"id":42,"name":"Reset Jim's Password","description":"Reset Jim's password via the <a href=\"/#/forgot-password\">Forgot Password</a> mechanism with <i>the original answer</i> to his security question. (Difficulty Level: 3)","max_attempts":0,"value":450,"category":"Broken Authentication","type":"standard","hidden":false},{"id":43,"name":"Reset Bender's Password","description":"Reset Bender's password via the <a href=\"/#/forgot-password\">Forgot Password</a> mechanism with <i>the original answer</i> to his security question. (Difficulty Level: 4)","max_attempts":0,"value":700,"category":"Broken Authentication","type":"standard","hidden":false},{"id":44,"name":"Reset Morty's Password","description":"Reset Morty's password via the <a href=\"/#/forgot-password\">Forgot Password</a> mechanism with <i>his obfuscated answer</i> to his security question. (Difficulty Level: 5)","max_attempts":0,"value":1000,"category":"Security Misconfiguration","type":"standard","hidden":false},{"id":45,"name":"Reset Bjoern's Password","description":"Reset Bjoern's password via the <a href=\"/#/forgot-password\">Forgot Password</a> mechanism with <i>the original answer</i> to his security question. (Difficulty Level: 5)","max_attempts":0,"value":1000,"category":"Broken Authentication","type":"standard","hidden":false},{"id":46,"name":"NoSQL Injection Tier 1","description":"Let the server sleep for some time. (It has done more than enough hard work for you) (Difficulty Level: 4)","max_attempts":0,"value":700,"category":"Injection","type":"standard","hidden":false},{"id":47,"name":"NoSQL Injection Tier 2","description":"Update multiple product reviews at the same time. (Difficulty Level: 4)","max_attempts":0,"value":700,"category":"Injection","type":"standard","hidden":false},{"id":48,"name":"Retrieve Blueprint","description":"Deprive the shop of earnings by downloading the blueprint for one of its products. (Difficulty Level: 5)","max_attempts":0,"value":1000,"category":"Forgotten Content","type":"standard","hidden":false},{"id":49,"name":"Typosquatting Tier 1","description":"<a href=\"/#/contact\">Inform the shop</a> about a <i>typosquatting</i> trick it has become victim of. (Mention the exact name of the culprit) (Difficulty Level: 4)","max_attempts":0,"value":700,"category":"Vulnerable Components","type":"standard","hidden":false},{"id":50,"name":"Typosquatting Tier 2","description":"<a href=\"/#/contact\">Inform the shop</a> about a more literal instance of <i>typosquatting</i> it fell for. (Mention the exact name of the culprit) (Difficulty Level: 5)","max_attempts":0,"value":1000,"category":"Vulnerable Components","type":"standard","hidden":false},{"id":51,"name":"JWT Issues Tier 1","description":"Forge an essentially unsigned JWT token that impersonates the (non-existing) user <i>jwtn3d@juice-sh.op</i>. (Difficulty Level: 5)","max_attempts":0,"value":1000,"category":"Vulnerable Components","type":"standard","hidden":false},{"id":52,"name":"JWT Issues Tier 2","description":"Forge an almost properly RSA-signed JWT token that impersonates the (non-existing) user <i>rsa_lord@juice-sh.op</i>. (Difficulty Level: 6)","max_attempts":0,"value":1350,"category":"Vulnerable Components","type":"standard","hidden":false},{"id":53,"name":"Misplaced Signature File","description":"Access a misplaced <a href=\"https://github.com/Neo23x0/sigma\">SIEM signature</a> file. (Difficulty Level: 4)","max_attempts":0,"value":700,"category":"Roll your own Security","type":"standard","hidden":false},{"id":54,"name":"Deprecated Interface","description":"Use a deprecated B2B interface that was not properly shut down. (Difficulty Level: 2)","max_attempts":0,"value":250,"category":"Forgotten Content","type":"standard","hidden":false},{"id":55,"name":"XXE Tier 1","description":"Retrieve the content of <code>C:\\Windows\\system.ini</code> or <code>/etc/passwd</code> from the server. (Difficulty Level: 3)","max_attempts":0,"value":450,"category":"XXE","type":"standard","hidden":false},{"id":56,"name":"XXE Tier 2","description":"Give the server something to chew on for quite a while. (Difficulty Level: 5)","max_attempts":0,"value":1000,"category":"XXE","type":"standard","hidden":false},{"id":57,"name":"RCE Tier 1","description":"Perform a Remote Code Execution that would keep a less hardened application busy <em>forever</em>. (Difficulty Level: 5)","max_attempts":0,"value":1000,"category":"Insecure Deserialization","type":"standard","hidden":false},{"id":58,"name":"RCE Tier 2","description":"Perform a Remote Code Execution that occupies the server for a while without using infinite loops. (Difficulty Level: 6)","max_attempts":0,"value":1350,"category":"Insecure Deserialization","type":"standard","hidden":false},{"id":59,"name":"Blockchain Tier 1","description":"Learn about the Token Sale before its official announcement. (Difficulty Level: 3)","max_attempts":0,"value":450,"category":"Security through Obscurity","type":"standard","hidden":false}]}