{"results":[{"id":1,"type":0,"chal":1,"hint":"Try to find a reference or clue behind the scenes. Or simply guess what URL the Score Board might have.","cost":0},{"id":2,"type":0,"chal":2,"hint":"Try to submit bad input to forms. Alternatively tamper with URL paths or parameters.","cost":0},{"id":3,"type":0,"chal":3,"hint":"Try different SQL Injection attack patterns depending whether you know the admin's email address or not.","cost":0},{"id":4,"type":0,"chal":4,"hint":"Try cracking Jim's password hash if you harvested it already. Alternatively, if you know Jim's email address, try SQL Injection.","cost":0},{"id":5,"type":0,"chal":5,"hint":"If you know Bender's email address, try SQL Injection. Bender's password hash might not help you very much.","cost":0},{"id":6,"type":0,"chal":6,"hint":"Look for an input field where its content appears in the response HTML when its form is submitted.","cost":0},{"id":7,"type":0,"chal":7,"hint":"Only some input fields validate their input. Even less of these are persisted in a way where their content is shown on another screen.","cost":0},{"id":8,"type":0,"chal":8,"hint":"The \"Comment\" field in the \"Contact Us\" screen is where you want to put your focus on.","cost":0},{"id":9,"type":0,"chal":9,"hint":"You need to work with the server-side API directly. Try different HTTP verbs on different entities exposed through the API.","cost":0},{"id":10,"type":0,"chal":10,"hint":"Craft a UNION SELECT attack string against a page where you can influence the data being displayed.","cost":0},{"id":11,"type":0,"chal":11,"hint":"This one should be equally easy to a) brute force, b) crack the password hash or c) simply guess.","cost":0},{"id":12,"type":0,"chal":12,"hint":"Once you found admin section of the application, this challenge is almost trivial.","cost":0},{"id":13,"type":0,"chal":13,"hint":"You can solve this by tampering with the user interface or by intercepting the communication with the RESTful backend.","cost":0},{"id":14,"type":0,"chal":14,"hint":"We might have failed to take this out of our code properly.","cost":0},{"id":15,"type":0,"chal":15,"hint":"You have to find a way to beat the whitelist of allowed redirect URLs.","cost":0},{"id":16,"type":0,"chal":16,"hint":"Have an eye on the HTTP traffic while shopping. Alternatively try to find a client-side association of users to their basket.","cost":0},{"id":17,"type":0,"chal":17,"hint":"You literally need to make the shop owe you any amount of money.","cost":0},{"id":18,"type":0,"chal":18,"hint":"Analyze and tamper with links in the application that deliver a file directly.","cost":0},{"id":19,"type":0,"chal":19,"hint":"You need to trick a security mechanism into thinking that the file you want has a valid file type.","cost":0},{"id":20,"type":0,"chal":20,"hint":"You need to trick a security mechanism into thinking that the file you want has a valid file type.","cost":0},{"id":21,"type":0,"chal":21,"hint":"It is just slightly harder to find than the score board link.","cost":0},{"id":22,"type":0,"chal":22,"hint":"The fact that the name of this challenge is \"CSRF\" is already a huge hint.","cost":0},{"id":23,"type":0,"chal":23,"hint":"Look for one of the following: a) broken admin functionality, b) holes in RESTful API or c) possibility for SQL Injection.","cost":0},{"id":24,"type":0,"chal":24,"hint":"Report one of two possible answers via the \"Contact Us\" form. Do not forget to submit the library's version as well.","cost":0},{"id":25,"type":0,"chal":25,"hint":"Report one of four possible answers via the \"Contact Us\" form.","cost":0},{"id":26,"type":0,"chal":26,"hint":"If you solved one of the three file access challenges, you already know where to find the easter egg.","cost":0},{"id":27,"type":0,"chal":27,"hint":"You might have to peel through several layers of tough-as-nails encryption for this challenge.","cost":0},{"id":28,"type":0,"chal":28,"hint":"Try either a) a knowledgable brute force attack or b) reverse engineering.","cost":0},{"id":29,"type":0,"chal":29,"hint":"The mentioned golden era lasted from 1994 to 2009.","cost":0},{"id":30,"type":0,"chal":30,"hint":"Find out how the application handles unavailable products.","cost":0},{"id":31,"type":0,"chal":31,"hint":"You can attach a small file to the \"File Complaint\" form. Investigate how this upload actually works.","cost":0},{"id":32,"type":0,"chal":32,"hint":"You can attach a PDF file to the \"File Complaint\" form. Investigate how this upload actually works.","cost":0},{"id":33,"type":0,"chal":33,"hint":"Brute force is not the only option for this challenge, but a perfectly viable one.","cost":0},{"id":34,"type":0,"chal":34,"hint":"After finding a CAPTCHA bypass, write a script that automates feedback submission. Or open many browser tabs and be really quick.","cost":0},{"id":35,"type":0,"chal":35,"hint":"Before you invest time bypassing the API, you might want to play around with the UI a bit.","cost":0},{"id":36,"type":0,"chal":36,"hint":"You need to trick the hacking progress persistence feature into thinking you solved challenge #99.","cost":0},{"id":37,"type":0,"chal":37,"hint":"The security flaw behind this challenge is 100% Juice Shop's fault and 0% Google's.","cost":0},{"id":38,"type":0,"chal":38,"hint":"Don't try to beat Google's OAuth 2.0 service. Rather investigate implementation flaws on Juice Shop's end.","cost":0},{"id":39,"type":0,"chal":39,"hint":"The underlying flaw of this challenge is a lot more human error than technical weakness.","cost":0},{"id":40,"type":0,"chal":40,"hint":"You should listen to MC's hit song \"Protect Ya Passwordz\".","cost":0},{"id":41,"type":0,"chal":41,"hint":"You do not have to pay anything to unlock this challenge! Nonetheless, donations are very much appreciated.","cost":0},{"id":42,"type":0,"chal":42,"hint":"It's hard for celebrities to pick a security question from a hard-coded list where the answer is not publicly exposed.","cost":0},{"id":43,"type":0,"chal":43,"hint":"Not as trivial as Jim's but still not too difficult with some \"Futurama\" background knowledge.","cost":0},{"id":44,"type":0,"chal":44,"hint":"Find a way to bypass the rate limiting and brute force the obfuscated answer to Morty's security question.","cost":0},{"id":45,"type":0,"chal":45,"hint":"Nothing a little bit of Facebook stalking couldn't reveal. Might involve a historical twist.","cost":0},{"id":46,"type":0,"chal":46,"hint":"This challenge is essentially a stripped-down Denial of Service (DoS) attack.","cost":0},{"id":47,"type":0,"chal":47,"hint":"Take a close look on how the equivalent of UPDATE-statements in MongoDB work.","cost":0},{"id":48,"type":0,"chal":48,"hint":"The product you might want to give a closer look is the OWASP Juice Shop Logo (3D-printed).","cost":0},{"id":49,"type":0,"chal":49,"hint":"This challenge has nothing to do with URLs or domains. Investigate the forgotten developer's backup file instead.","cost":0},{"id":50,"type":0,"chal":50,"hint":"This challenge has nothing to do with URLs or domains. It literally exploits a potentially common typo.","cost":0},{"id":51,"type":0,"chal":51,"hint":"This challenge exploits a weird option that is supported when signing tokens with JWT.","cost":0},{"id":52,"type":0,"chal":52,"hint":"This challenge is explicitly not about acquiring the RSA private key used for JWT signing.","cost":0},{"id":53,"type":0,"chal":53,"hint":"You need to trick a security mechanism into thinking that the file you want has a valid file type.","cost":0},{"id":54,"type":0,"chal":54,"hint":"The developers who disabled the interface think they could go invisible by just closing their eyes.","cost":0},{"id":55,"type":0,"chal":55,"hint":"The leverage point for this challenge is the deprecated B2B interface.","cost":0},{"id":56,"type":0,"chal":56,"hint":"It is not as easy as sending a large amount of data directly to the deprecated B2B interface.","cost":0},{"id":57,"type":0,"chal":57,"hint":"The feature you need to exploit for this challenge is not directly advertised anywhere.","cost":0},{"id":58,"type":0,"chal":58,"hint":"Your attack payload must not trigger the protection against too many iterations.","cost":0},{"id":59,"type":0,"chal":59,"hint":"The developers truly believe in \"Security through Obscurity\" over actual access restrictions.","cost":0}]}